price,Customer,Item
68,"Australian Collectables, Ltd",Planes S24_2841
49,"Australian Collectables, Ltd",Planes S72_1253
90,"Australian Collectables, Ltd",Ships S700_2047
105,"Australian Collectables, Ltd",Vintage Cars S18_3856
65,"Australian Collectables, Ltd",Vintage Cars S24_3420
157,Danish Wholesale Imports,Planes S18_1662
84,Danish Wholesale Imports,Planes S18_2581
86,Danish Wholesale Imports,Ships S18_3029
86,Danish Wholesale Imports,Ships S700_1938
72,Danish Wholesale Imports,Ships S700_2610
100,Danish Wholesale Imports,Ships S700_3505
99,Danish Wholesale Imports,Ships S700_3962
54,Danish Wholesale Imports,Ships S72_3212
141,Danish Wholesale Imports,Classic Cars S18_1129
142,Danish Wholesale Imports,Classic Cars S18_1984
141,Danish Wholesale Imports,Classic Cars S18_3685
102,Diecast Classics Inc.,Vintage Cars S18_1342
53,Diecast Classics Inc.,Vintage Cars S18_1367
157,Euro Shopping Channel,Planes S18_1662
109,Euro Shopping Channel,Planes S24_1785
68,Euro Shopping Channel,Planes S24_2841
68,Euro Shopping Channel,Planes S24_3949
91,Euro Shopping Channel,Planes S700_1691
99,Euro Shopping Channel,Planes S700_2466
80,Euro Shopping Channel,Planes S700_3167
74,Euro Shopping Channel,Planes S700_4002
49,Euro Shopping Channel,Planes S72_1253
86,Euro Shopping Channel,Ships S18_3029
90,Euro Shopping Channel,Ships S700_2047
105,Euro Shopping Channel,Vintage Cars S18_3856
65,Euro Shopping Channel,Vintage Cars S24_3420
83,Euro Shopping Channel,Vintage Cars S24_3816
68,Euro Shopping Channel,Vintage Cars S32_4289
43,Euro Shopping Channel,Vintage Cars S50_1341
157,Euro Shopping Channel,Planes S18_1662
84,Euro Shopping Channel,Planes S18_2581
109,Euro Shopping Channel,Planes S24_1785
68,Euro Shopping Channel,Planes S24_2841
68,Euro Shopping Channel,Planes S24_3949
72,Euro Shopping Channel,Planes S24_4278
99,Euro Shopping Channel,Planes S700_2466
80,Euro Shopping Channel,Planes S700_3167
74,Euro Shopping Channel,Planes S700_4002
49,Euro Shopping Channel,Planes S72_1253
86,Euro Shopping Channel,Ships S18_3029
90,Euro Shopping Channel,Ships S700_2047
72,Euro Shopping Channel,Ships S700_2610
100,Euro Shopping Channel,Ships S700_3505
99,Euro Shopping Channel,Ships S700_3962
54,Euro Shopping Channel,Ships S72_3212
105,Euro Shopping Channel,Vintage Cars S18_3856
65,Euro Shopping Channel,Vintage Cars S24_3420
95,Euro Shopping Channel,Motorcycles S10_1678
118,Euro Shopping Channel,Motorcycles S10_2016
193,Euro Shopping Channel,Motorcycles S10_4698
150,Euro Shopping Channel,Motorcycles S12_2823
60,Euro Shopping Channel,Motorcycles S18_2625
112,Euro Shopping Channel,Motorcycles S24_1578
214,Euro Shopping Channel,Classic Cars S10_1949
101,Euro Shopping Channel,Classic Cars S700_2824
136,Euro Shopping Channel,Trucks and Buses S12_1666
116,Euro Shopping Channel,Trucks and Buses S18_1097
64,Euro Shopping Channel,Trucks and Buses S32_3522
50,Euro Shopping Channel,Vintage Cars S18_4668
136,Gifts4AllAges.com,Classic Cars S10_4757
86,Gifts4AllAges.com,Ships S18_3029
122,Gifts4AllAges.com,Ships S24_2011
66,Gifts4AllAges.com,Ships S700_1138
86,Gifts4AllAges.com,Ships S700_1938
72,Gifts4AllAges.com,Ships S700_2610
100,Gifts4AllAges.com,Ships S700_3505
99,Gifts4AllAges.com,Ships S700_3962
54,Gifts4AllAges.com,Ships S72_3212
100,Gifts4AllAges.com,Trains S18_3259
136,Gifts4AllAges.com,Vintage Cars S18_3140
87,Gifts4AllAges.com,Vintage Cars S18_4522
88,Gifts4AllAges.com,Vintage Cars S24_3151
83,Gifts4AllAges.com,Vintage Cars S24_3816
147,La Rochelle Gifts,Classic Cars S10_4962
163,La Rochelle Gifts,Classic Cars S18_2238
169,La Rochelle Gifts,Classic Cars S18_3232
57,La Rochelle Gifts,Classic Cars S24_1444
35,La Rochelle Gifts,Classic Cars S24_2840
118,La Rochelle Gifts,Trucks and Buses S12_4473
122,La Rochelle Gifts,Trucks and Buses S18_2319
60,La Rochelle Gifts,Trucks and Buses S18_2432
121,La Rochelle Gifts,Trucks and Buses S18_4600
127,La Rochelle Gifts,Trucks and Buses S24_2300
96,La Rochelle Gifts,Trucks and Buses S32_1268
54,La Rochelle Gifts,Trucks and Buses S32_2509
115,La Rochelle Gifts,Trucks and Buses S50_1392
136,Land of Toys Inc.,Classic Cars S10_4757
86,Land of Toys Inc.,Ships S18_3029
122,Land of Toys Inc.,Ships S24_2011
66,Land of Toys Inc.,Ships S700_1138
86,Land of Toys Inc.,Ships S700_1938
72,Land of Toys Inc.,Ships S700_2610
100,Land of Toys Inc.,Ships S700_3505
99,Land of Toys Inc.,Ships S700_3962
54,Land of Toys Inc.,Ships S72_3212
100,Land of Toys Inc.,Trains S18_3259
136,Land of Toys Inc.,Vintage Cars S18_3140
87,Land of Toys Inc.,Vintage Cars S18_4522
88,Land of Toys Inc.,Vintage Cars S24_3151
83,Land of Toys Inc.,Vintage Cars S24_3816
147,Mini Auto Werke,Classic Cars S10_4962
101,Mini Auto Werke,Classic Cars S700_2824
136,Mini Auto Werke,Trucks and Buses S12_1666
116,Mini Auto Werke,Trucks and Buses S18_1097
121,Mini Auto Werke,Trucks and Buses S18_4600
96,Mini Auto Werke,Trucks and Buses S32_1268
64,Mini Auto Werke,Trucks and Buses S32_3522
50,Mini Auto Werke,Vintage Cars S18_4668
168,Mini Gifts Distributors Ltd.,Vintage Cars S18_2795
44,Mini Gifts Distributors Ltd.,Vintage Cars S24_2022
101,Petit Auto,Vintage Cars S18_2949
62,Petit Auto,Vintage Cars S18_2957
104,Petit Auto,Vintage Cars S18_3136
99,Petit Auto,Vintage Cars S18_3320
97,Petit Auto,Vintage Cars S24_4258
136,Scandinavian Gift Ideas,Classic Cars S10_4757
157,Scandinavian Gift Ideas,Planes S18_1662
68,Scandinavian Gift Ideas,Planes S24_2841
49,Scandinavian Gift Ideas,Planes S72_1253
86,Scandinavian Gift Ideas,Ships S18_3029
122,Scandinavian Gift Ideas,Ships S24_2011
66,Scandinavian Gift Ideas,Ships S700_1138
90,Scandinavian Gift Ideas,Ships S700_2047
72,Scandinavian Gift Ideas,Ships S700_2610
100,Scandinavian Gift Ideas,Ships S700_3505
99,Scandinavian Gift Ideas,Ships S700_3962
54,Scandinavian Gift Ideas,Ships S72_3212
105,Scandinavian Gift Ideas,Vintage Cars S18_3856
88,Scandinavian Gift Ideas,Vintage Cars S24_3151
65,Scandinavian Gift Ideas,Vintage Cars S24_3420
83,Scandinavian Gift Ideas,Vintage Cars S24_3816
71,Souveniers And Things Co.,Classic Cars S18_4933
73,Souveniers And Things Co.,Classic Cars S24_1046
50,Souveniers And Things Co.,Classic Cars S24_1628
90,Souveniers And Things Co.,Classic Cars S24_2766
117,Souveniers And Things Co.,Classic Cars S24_2887
85,Souveniers And Things Co.,Classic Cars S24_3191
107,Souveniers And Things Co.,Classic Cars S24_3432
170,Souveniers And Things Co.,Vintage Cars S18_1749
60,Souveniers And Things Co.,Vintage Cars S18_2248
127,Souveniers And Things Co.,Vintage Cars S18_2325
92,Souveniers And Things Co.,Vintage Cars S18_4409
33,Souveniers And Things Co.,Vintage Cars S24_1937
41,Souveniers And Things Co.,Vintage Cars S24_3969
99,Tekni Collectables Inc.,Motorcycles S32_1374
84,Tekni Collectables Inc.,Planes S18_2581
109,Tekni Collectables Inc.,Planes S24_1785
68,Tekni Collectables Inc.,Planes S24_3949
72,Tekni Collectables Inc.,Planes S24_4278
91,Tekni Collectables Inc.,Planes S700_1691
99,Tekni Collectables Inc.,Planes S700_2466
118,Tekni Collectables Inc.,Planes S700_2834
80,Tekni Collectables Inc.,Planes S700_3167
74,Tekni Collectables Inc.,Planes S700_4002
68,Tekni Collectables Inc.,Vintage Cars S32_4289
43,Tekni Collectables Inc.,Vintage Cars S50_1341
124,The Sharp Gifts Warehouse,Classic Cars S18_1589
132,The Sharp Gifts Warehouse,Classic Cars S18_2870
71,The Sharp Gifts Warehouse,Classic Cars S18_4933
73,The Sharp Gifts Warehouse,Classic Cars S24_1046
50,The Sharp Gifts Warehouse,Classic Cars S24_1628
90,The Sharp Gifts Warehouse,Classic Cars S24_2766
117,The Sharp Gifts Warehouse,Classic Cars S24_2887
85,The Sharp Gifts Warehouse,Classic Cars S24_3191
107,The Sharp Gifts Warehouse,Classic Cars S24_3432
170,The Sharp Gifts Warehouse,Vintage Cars S18_1749
60,The Sharp Gifts Warehouse,Vintage Cars S18_2248
92,The Sharp Gifts Warehouse,Vintage Cars S18_4409
124,Toys4GrownUps.com,Classic Cars S18_1589
141,Toys4GrownUps.com,Classic Cars S18_3685
71,Toys4GrownUps.com,Classic Cars S18_4933
73,Toys4GrownUps.com,Classic Cars S24_1046
50,Toys4GrownUps.com,Classic Cars S24_1628
37,Toys4GrownUps.com,Classic Cars S24_2972
170,Toys4GrownUps.com,Vintage Cars S18_1749
60,Toys4GrownUps.com,Vintage Cars S18_2248
127,Toys4GrownUps.com,Vintage Cars S18_2325
168,Toys4GrownUps.com,Vintage Cars S18_2795
92,Toys4GrownUps.com,Vintage Cars S18_4409
33,Toys4GrownUps.com,Vintage Cars S24_1937
44,Toys4GrownUps.com,Vintage Cars S24_2022
194,"UK Collectables, Ltd.",Classic Cars S12_1099
117,"UK Collectables, Ltd.",Classic Cars S12_3380
79,"UK Collectables, Ltd.",Classic Cars S12_3990
115,"UK Collectables, Ltd.",Classic Cars S12_4675
141,"UK Collectables, Ltd.",Classic Cars S18_1129
124,"UK Collectables, Ltd.",Classic Cars S18_1589
77,"UK Collectables, Ltd.",Classic Cars S18_1889
142,"UK Collectables, Ltd.",Classic Cars S18_1984
132,"UK Collectables, Ltd.",Classic Cars S18_2870
169,"UK Collectables, Ltd.",Classic Cars S18_3232
141,"UK Collectables, Ltd.",Classic Cars S18_3685
37,"UK Collectables, Ltd.",Classic Cars S24_2972
61,"UK Collectables, Ltd.",Classic Cars S24_3371
140,"UK Collectables, Ltd.",Classic Cars S24_3856
147,"Volvo Model Replicas, Co",Classic Cars S10_4962
169,"Volvo Model Replicas, Co",Classic Cars S18_3232
122,"Volvo Model Replicas, Co",Trucks and Buses S18_2319
60,"Volvo Model Replicas, Co",Trucks and Buses S18_2432
121,"Volvo Model Replicas, Co",Trucks and Buses S18_4600
127,"Volvo Model Replicas, Co",Trucks and Buses S24_2300
